cohort,language,number_prs,actor.display_login
2017-07,all,3106.138775510204,695.7836734693877
2017-08,all,3311.0246913580245,720.2551440329219
2017-09,all,3198.9755102040817,728.6408163265306
2017-10,all,3832.2380952380954,851.6031746031746
2017-11,all,3669.247058823529,810.0549019607843
2017-07,1C Enterprise,45.0,18.0
2017-08,1C Enterprise,96.0,18.0
2017-09,1C Enterprise,39.0,13.0
2017-10,1C Enterprise,64.0,18.0
2017-11,1C Enterprise,81.0,16.0
2017-07,ABAP,78.0,12.0
2017-08,ABAP,39.0,10.0
2017-09,ABAP,29.0,10.0
2017-10,ABAP,77.0,12.0
2017-11,ABAP,59.0,14.0
2017-07,AGS Script,21.0,10.0
2017-08,AGS Script,12.0,7.0
2017-09,AGS Script,22.0,10.0
2017-10,AGS Script,16.0,8.0
2017-11,AGS Script,7.0,3.0
2017-07,AMPL,15.0,10.0
2017-08,AMPL,21.0,7.0
2017-09,AMPL,16.0,11.0
2017-10,AMPL,22.0,10.0
2017-11,AMPL,15.0,10.0
2017-07,ANTLR,67.0,8.0
2017-08,ANTLR,41.0,10.0
2017-09,ANTLR,24.0,8.0
2017-10,ANTLR,23.0,7.0
2017-11,ANTLR,51.0,11.0
2017-07,API Blueprint,75.0,31.0
2017-08,API Blueprint,157.0,35.0
2017-09,API Blueprint,125.0,31.0
2017-10,API Blueprint,96.0,26.0
2017-11,API Blueprint,140.0,37.0
2017-07,APL,1.0,1.0
2017-08,APL,4.0,4.0
2017-09,APL,13.0,5.0
2017-10,APL,25.0,6.0
2017-11,APL,6.0,5.0
2017-07,ASP,212.0,61.0
2017-08,ASP,246.0,54.0
2017-09,ASP,134.0,53.0
2017-10,ASP,243.0,107.0
2017-11,ASP,324.0,130.0
2017-07,ATS,1.0,1.0
2017-10,ATS,1.0,1.0
2017-11,ATS,2.0,1.0
2017-07,ActionScript,131.0,35.0
2017-08,ActionScript,220.0,34.0
2017-09,ActionScript,111.0,33.0
2017-10,ActionScript,109.0,50.0
2017-11,ActionScript,119.0,29.0
2017-07,Ada,12.0,6.0
2017-08,Ada,27.0,10.0
2017-09,Ada,21.0,11.0
2017-10,Ada,46.0,11.0
2017-11,Ada,25.0,11.0
2017-07,Agda,20.0,8.0
2017-08,Agda,8.0,4.0
2017-09,Agda,5.0,4.0
2017-10,Agda,6.0,5.0
2017-11,Agda,6.0,6.0
2017-08,Alloy,5.0,4.0
2017-11,Alloy,5.0,3.0
2017-10,AngelScript,36.0,7.0
2017-11,AngelScript,25.0,6.0
2017-07,ApacheConf,180.0,74.0
2017-08,ApacheConf,194.0,80.0
2017-09,ApacheConf,202.0,79.0
2017-10,ApacheConf,160.0,67.0
2017-11,ApacheConf,33.0,27.0
2017-07,Apex,308.0,65.0
2017-08,Apex,274.0,83.0
2017-09,Apex,268.0,66.0
2017-10,Apex,194.0,70.0
2017-11,Apex,364.0,84.0
2017-07,AppleScript,7.0,4.0
2017-08,AppleScript,3.0,2.0
2017-09,AppleScript,8.0,7.0
2017-10,AppleScript,25.0,10.0
2017-11,AppleScript,6.0,4.0
2017-10,Arc,3.0,3.0
2017-11,Arc,2.0,2.0
2017-07,Arduino,401.0,221.0
2017-08,Arduino,469.0,251.0
2017-09,Arduino,515.0,266.0
2017-10,Arduino,926.0,405.0
2017-11,Arduino,808.0,395.0
2017-07,AspectJ,2.0,1.0
2017-08,AspectJ,3.0,1.0
2017-10,AspectJ,7.0,2.0
2017-11,AspectJ,2.0,1.0
2017-07,Assembly,337.0,95.0
2017-08,Assembly,351.0,103.0
2017-09,Assembly,459.0,132.0
2017-10,Assembly,565.0,164.0
2017-11,Assembly,616.0,170.0
2017-08,Augeas,8.0,2.0
2017-09,Augeas,19.0,3.0
2017-10,Augeas,4.0,1.0
2017-11,Augeas,5.0,1.0
2017-07,AutoHotkey,36.0,20.0
2017-08,AutoHotkey,29.0,18.0
2017-09,AutoHotkey,51.0,21.0
2017-10,AutoHotkey,50.0,21.0
2017-11,AutoHotkey,54.0,22.0
2017-07,AutoIt,16.0,7.0
2017-08,AutoIt,8.0,5.0
2017-09,AutoIt,20.0,7.0
2017-10,AutoIt,9.0,8.0
2017-11,AutoIt,20.0,9.0
2017-07,Awk,5.0,4.0
2017-08,Awk,5.0,4.0
2017-09,Awk,15.0,5.0
2017-10,Awk,9.0,8.0
2017-11,Awk,4.0,3.0
2017-10,Ballerina,3.0,2.0
2017-11,Ballerina,56.0,4.0
2017-07,Batchfile,436.0,128.0
2017-08,Batchfile,407.0,133.0
2017-09,Batchfile,427.0,142.0
2017-10,Batchfile,680.0,174.0
2017-11,Batchfile,497.0,147.0
2017-07,Bison,1.0,1.0
2017-07,BitBake,282.0,73.0
2017-08,BitBake,209.0,83.0
2017-09,BitBake,188.0,61.0
2017-10,BitBake,212.0,66.0
2017-11,BitBake,231.0,78.0
2017-07,BlitzBasic,1.0,1.0
2017-10,BlitzBasic,1.0,1.0
2017-11,BlitzBasic,1.0,1.0
2017-07,BlitzMax,13.0,2.0
2017-11,Bluespec,2.0,2.0
2017-07,Brainfuck,2.0,2.0
2017-09,Brainfuck,12.0,4.0
2017-10,Brainfuck,45.0,19.0
2017-11,Brainfuck,9.0,5.0
2017-07,Brightscript,3.0,2.0
2017-08,Brightscript,8.0,6.0
2017-09,Brightscript,20.0,4.0
2017-10,Brightscript,15.0,4.0
2017-11,Brightscript,15.0,4.0
2017-07,Bro,1.0,1.0
2017-08,Bro,1.0,1.0
2017-09,Bro,7.0,6.0
2017-10,Bro,6.0,4.0
2017-11,Bro,9.0,3.0
2017-07,C,18517.0,5341.0
2017-08,C,18877.0,5344.0
2017-09,C,18999.0,5584.0
2017-10,C,24284.0,6799.0
2017-11,C,22893.0,6429.0
2017-07,C#,25421.0,5915.0
2017-08,C#,26988.0,6226.0
2017-09,C#,27052.0,6601.0
2017-10,C#,34032.0,7832.0
2017-11,C#,33330.0,7800.0
2017-07,C++,35184.0,8234.0
2017-08,C++,35423.0,8151.0
2017-09,C++,33935.0,8450.0
2017-10,C++,45800.0,10197.0
2017-11,C++,42373.0,9966.0
2017-08,CLIPS,1.0,1.0
2017-09,CLIPS,11.0,5.0
2017-10,CLIPS,4.0,4.0
2017-11,CLIPS,6.0,4.0
2017-07,CMake,715.0,225.0
2017-08,CMake,722.0,237.0
2017-09,CMake,898.0,312.0
2017-10,CMake,1117.0,385.0
2017-11,CMake,896.0,326.0
2017-07,COBOL,6.0,4.0
2017-08,COBOL,7.0,5.0
2017-09,COBOL,9.0,5.0
2017-10,COBOL,55.0,15.0
2017-11,COBOL,32.0,7.0
2017-07,CSS,26008.0,7648.0
2017-08,CSS,27921.0,8079.0
2017-09,CSS,27105.0,7936.0
2017-10,CSS,33211.0,9865.0
2017-11,CSS,32025.0,9111.0
2017-10,CWeb,1.0,1.0
2017-11,CWeb,2.0,2.0
2017-07,CartoCSS,26.0,6.0
2017-08,CartoCSS,53.0,9.0
2017-09,CartoCSS,51.0,7.0
2017-10,CartoCSS,29.0,9.0
2017-11,CartoCSS,24.0,7.0
2017-07,Ceylon,9.0,4.0
2017-08,Ceylon,11.0,6.0
2017-09,Ceylon,13.0,5.0
2017-10,Ceylon,6.0,4.0
2017-11,Ceylon,12.0,5.0
2017-07,Chapel,246.0,18.0
2017-08,Chapel,251.0,20.0
2017-09,Chapel,276.0,16.0
2017-10,Chapel,135.0,15.0
2017-11,Chapel,129.0,13.0
2017-07,ChucK,2.0,1.0
2017-08,Cirru,4.0,3.0
2017-07,Clean,8.0,3.0
2017-08,Clean,2.0,1.0
2017-09,Clean,3.0,2.0
2017-10,Clean,2.0,2.0
2017-11,Clean,1.0,1.0
2017-07,Clojure,1410.0,427.0
2017-08,Clojure,1340.0,404.0
2017-09,Clojure,1467.0,448.0
2017-10,Clojure,1948.0,488.0
2017-11,Clojure,1467.0,407.0
2017-07,CoffeeScript,2017.0,539.0
2017-08,CoffeeScript,1866.0,540.0
2017-09,CoffeeScript,1970.0,519.0
2017-10,CoffeeScript,2153.0,596.0
2017-11,CoffeeScript,2196.0,528.0
2017-07,ColdFusion,122.0,29.0
2017-08,ColdFusion,189.0,29.0
2017-09,ColdFusion,203.0,23.0
2017-10,ColdFusion,324.0,37.0
2017-11,ColdFusion,205.0,33.0
2017-07,Common Lisp,465.0,75.0
2017-08,Common Lisp,252.0,67.0
2017-09,Common Lisp,196.0,78.0
2017-10,Common Lisp,225.0,89.0
2017-11,Common Lisp,217.0,82.0
2017-07,Component Pascal,7.0,5.0
2017-08,Component Pascal,6.0,4.0
2017-09,Component Pascal,1.0,1.0
2017-10,Component Pascal,13.0,4.0
2017-11,Component Pascal,1.0,1.0
2017-10,Cool,1.0,1.0
2017-07,Coq,90.0,36.0
2017-08,Coq,84.0,26.0
2017-09,Coq,62.0,31.0
2017-10,Coq,108.0,40.0
2017-11,Coq,87.0,30.0
2017-07,Crystal,215.0,70.0
2017-08,Crystal,282.0,67.0
2017-09,Crystal,369.0,68.0
2017-10,Crystal,378.0,74.0
2017-11,Crystal,403.0,69.0
2017-11,Csound,1.0,1.0
2017-10,Csound Document,1.0,1.0
2017-11,Csound Document,1.0,1.0
2017-07,Cucumber,4.0,4.0
2017-08,Cucumber,2.0,2.0
2017-09,Cucumber,4.0,3.0
2017-11,Cucumber,1.0,1.0
2017-07,Cuda,41.0,27.0
2017-08,Cuda,54.0,21.0
2017-09,Cuda,60.0,29.0
2017-10,Cuda,72.0,45.0
2017-11,Cuda,81.0,37.0
2017-07,D,783.0,93.0
2017-08,D,535.0,94.0
2017-09,D,452.0,86.0
2017-10,D,565.0,91.0
2017-11,D,626.0,102.0
2017-07,DIGITAL Command Language,105.0,18.0
2017-08,DIGITAL Command Language,49.0,18.0
2017-09,DIGITAL Command Language,63.0,13.0
2017-10,DIGITAL Command Language,66.0,18.0
2017-11,DIGITAL Command Language,62.0,15.0
2017-07,DM,3190.0,217.0
2017-08,DM,3124.0,234.0
2017-09,DM,3264.0,238.0
2017-10,DM,4024.0,242.0
2017-11,DM,3328.0,246.0
2017-09,DOT,1.0,1.0
2017-07,DTrace,8.0,5.0
2017-08,DTrace,10.0,5.0
2017-09,DTrace,9.0,3.0
2017-10,DTrace,4.0,2.0
2017-11,DTrace,16.0,8.0
2017-07,Dart,878.0,135.0
2017-08,Dart,777.0,123.0
2017-09,Dart,861.0,141.0
2017-10,Dart,1013.0,164.0
2017-11,Dart,900.0,129.0
2017-11,DataWeave,1.0,1.0
2017-08,Delphi,1.0,1.0
2017-08,Diff,2.0,2.0
2017-10,Diff,1.0,1.0
2017-11,Dylan,2.0,2.0
2017-09,E,3.0,1.0
2017-10,E,8.0,3.0
2017-11,E,1.0,1.0
2017-07,ECL,5.0,1.0
2017-08,ECL,6.0,2.0
2017-09,ECL,2.0,1.0
2017-10,ECL,1.0,1.0
2017-07,EQ,6.0,1.0
2017-09,EQ,1.0,1.0
2017-10,EQ,1.0,1.0
2017-11,EQ,3.0,1.0
2017-07,Eagle,189.0,79.0
2017-08,Eagle,167.0,85.0
2017-09,Eagle,176.0,63.0
2017-10,Eagle,105.0,63.0
2017-11,Eagle,27.0,21.0
2017-07,Eiffel,13.0,7.0
2017-08,Eiffel,13.0,5.0
2017-09,Eiffel,21.0,6.0
2017-10,Eiffel,30.0,8.0
2017-11,Eiffel,20.0,9.0
2017-07,Elixir,2437.0,593.0
2017-08,Elixir,2472.0,620.0
2017-09,Elixir,2275.0,604.0
2017-10,Elixir,3053.0,673.0
2017-11,Elixir,2275.0,589.0
2017-07,Elm,475.0,142.0
2017-08,Elm,358.0,129.0
2017-09,Elm,314.0,117.0
2017-10,Elm,439.0,157.0
2017-11,Elm,348.0,134.0
2017-07,Emacs Lisp,880.0,295.0
2017-08,Emacs Lisp,768.0,268.0
2017-09,Emacs Lisp,673.0,276.0
2017-10,Emacs Lisp,931.0,304.0
2017-11,Emacs Lisp,828.0,286.0
2017-07,EmberScript,15.0,4.0
2017-08,EmberScript,17.0,3.0
2017-09,EmberScript,18.0,5.0
2017-10,EmberScript,41.0,5.0
2017-11,EmberScript,17.0,6.0
2017-07,Erlang,1067.0,230.0
2017-08,Erlang,961.0,238.0
2017-09,Erlang,806.0,181.0
2017-10,Erlang,853.0,202.0
2017-11,Erlang,1027.0,220.0
2017-07,F#,473.0,93.0
2017-08,F#,461.0,103.0
2017-09,F#,489.0,107.0
2017-10,F#,685.0,126.0
2017-11,F#,565.0,121.0
2017-07,FLUX,3.0,1.0
2017-09,FLUX,1.0,1.0
2017-11,FLUX,1.0,1.0
2017-07,FORTRAN,14.0,9.0
2017-08,FORTRAN,18.0,13.0
2017-09,FORTRAN,16.0,13.0
2017-10,FORTRAN,33.0,14.0
2017-11,FORTRAN,16.0,11.0
2017-07,Factor,6.0,2.0
2017-08,Factor,5.0,3.0
2017-09,Factor,2.0,1.0
2017-10,Factor,6.0,2.0
2017-11,Factor,2.0,2.0
2017-07,Forth,4.0,4.0
2017-08,Forth,9.0,5.0
2017-09,Forth,21.0,6.0
2017-10,Forth,19.0,7.0
2017-11,Forth,16.0,10.0
2017-07,Fortran,612.0,178.0
2017-08,Fortran,546.0,169.0
2017-09,Fortran,762.0,183.0
2017-10,Fortran,660.0,185.0
2017-11,Fortran,615.0,197.0
2017-07,FreeMarker,160.0,24.0
2017-08,FreeMarker,211.0,34.0
2017-09,FreeMarker,186.0,29.0
2017-10,FreeMarker,194.0,41.0
2017-11,FreeMarker,150.0,36.0
2017-07,GAMS,1.0,1.0
2017-08,GAMS,34.0,4.0
2017-09,GAMS,1.0,1.0
2017-10,GAMS,20.0,2.0
2017-07,GAP,105.0,14.0
2017-08,GAP,132.0,17.0
2017-09,GAP,139.0,22.0
2017-10,GAP,114.0,16.0
2017-11,GAP,164.0,17.0
2017-07,GCC Machine Description,36.0,32.0
2017-08,GCC Machine Description,34.0,21.0
2017-09,GCC Machine Description,18.0,18.0
2017-10,GCC Machine Description,45.0,40.0
2017-11,GCC Machine Description,27.0,26.0
2017-07,GDB,5.0,1.0
2017-08,GDB,2.0,1.0
2017-07,GDScript,51.0,18.0
2017-08,GDScript,74.0,30.0
2017-09,GDScript,34.0,19.0
2017-10,GDScript,86.0,34.0
2017-11,GDScript,121.0,40.0
2017-07,GLSL,32.0,20.0
2017-08,GLSL,77.0,19.0
2017-09,GLSL,46.0,19.0
2017-10,GLSL,70.0,31.0
2017-11,GLSL,76.0,36.0
2017-07,Game Maker Language,14.0,9.0
2017-08,Game Maker Language,16.0,9.0
2017-09,Game Maker Language,24.0,10.0
2017-10,Game Maker Language,38.0,18.0
2017-11,Game Maker Language,12.0,8.0
2017-09,Genshi,1.0,1.0
2017-07,Gherkin,170.0,56.0
2017-08,Gherkin,260.0,61.0
2017-09,Gherkin,248.0,67.0
2017-10,Gherkin,286.0,78.0
2017-11,Gherkin,168.0,64.0
2017-08,Glyph,1.0,1.0
2017-07,Gnuplot,41.0,8.0
2017-08,Gnuplot,38.0,9.0
2017-09,Gnuplot,33.0,9.0
2017-10,Gnuplot,51.0,12.0
2017-11,Gnuplot,44.0,11.0
2017-07,Go,25520.0,4844.0
2017-08,Go,29838.0,5224.0
2017-09,Go,27286.0,5074.0
2017-10,Go,31475.0,5824.0
2017-11,Go,31374.0,5725.0
2017-07,Gosu,131.0,20.0
2017-08,Gosu,68.0,12.0
2017-09,Gosu,41.0,11.0
2017-10,Gosu,43.0,7.0
2017-11,Gosu,65.0,12.0
2017-07,Grammatical Framework,3.0,1.0
2017-08,Grammatical Framework,12.0,6.0
2017-10,Grammatical Framework,3.0,2.0
2017-11,Grammatical Framework,1.0,1.0
2017-07,Groff,12.0,9.0
2017-08,Groff,1.0,1.0
2017-09,Groff,6.0,6.0
2017-10,Groff,6.0,5.0
2017-11,Groff,5.0,5.0
2017-07,Groovy,2039.0,542.0
2017-08,Groovy,2205.0,536.0
2017-09,Groovy,2283.0,539.0
2017-10,Groovy,2542.0,587.0
2017-11,Groovy,2278.0,626.0
2017-07,HCL,821.0,234.0
2017-08,HCL,1417.0,288.0
2017-09,HCL,1416.0,303.0
2017-10,HCL,1271.0,329.0
2017-11,HCL,1303.0,313.0
2017-07,HLSL,1.0,1.0
2017-08,HLSL,10.0,8.0
2017-09,HLSL,2.0,1.0
2017-10,HLSL,41.0,3.0
2017-11,HLSL,20.0,9.0
2017-07,HTML,54021.0,14654.0
2017-08,HTML,61478.0,15665.0
2017-09,HTML,59904.0,16312.0
2017-10,HTML,75314.0,19807.0
2017-11,HTML,70612.0,18471.0
2017-07,Hack,8.0,7.0
2017-08,Hack,40.0,9.0
2017-09,Hack,27.0,9.0
2017-10,Hack,34.0,10.0
2017-11,Hack,20.0,10.0
2017-08,Handlebars,1.0,1.0
2017-07,Harbour,17.0,3.0
2017-08,Harbour,14.0,8.0
2017-09,Harbour,10.0,3.0
2017-10,Harbour,16.0,5.0
2017-11,Harbour,11.0,2.0
2017-07,Haskell,2112.0,521.0
2017-08,Haskell,2198.0,536.0
2017-09,Haskell,1923.0,525.0
2017-10,Haskell,2168.0,569.0
2017-11,Haskell,2120.0,550.0
2017-07,Haxe,177.0,53.0
2017-08,Haxe,191.0,57.0
2017-09,Haxe,212.0,63.0
2017-10,Haxe,308.0,67.0
2017-11,Haxe,237.0,60.0
2017-07,Hy,1.0,1.0
2017-08,Hy,1.0,1.0
2017-07,HyPhy,1.0,1.0
2017-08,HyPhy,5.0,1.0
2017-09,HyPhy,19.0,3.0
2017-10,HyPhy,13.0,1.0
2017-11,HyPhy,17.0,4.0
2017-07,IDL,10.0,8.0
2017-08,IDL,14.0,6.0
2017-09,IDL,22.0,10.0
2017-10,IDL,8.0,8.0
2017-11,IDL,20.0,12.0
2017-08,IGOR Pro,4.0,2.0
2017-09,IGOR Pro,16.0,2.0
2017-10,IGOR Pro,4.0,3.0
2017-11,IGOR Pro,1.0,1.0
2017-07,Idris,40.0,12.0
2017-08,Idris,27.0,11.0
2017-09,Idris,9.0,5.0
2017-10,Idris,15.0,10.0
2017-11,Idris,7.0,6.0
2017-07,Inform 7,3.0,2.0
2017-08,Inform 7,25.0,5.0
2017-09,Inform 7,49.0,8.0
2017-10,Inform 7,76.0,9.0
2017-11,Inform 7,75.0,11.0
2017-07,Inno Setup,8.0,6.0
2017-08,Inno Setup,12.0,10.0
2017-09,Inno Setup,5.0,4.0
2017-10,Inno Setup,17.0,8.0
2017-11,Inno Setup,18.0,7.0
2017-07,Io,4.0,2.0
2017-08,Io,5.0,4.0
2017-09,Io,1.0,1.0
2017-10,Io,3.0,2.0
2017-11,Io,9.0,4.0
2017-07,Isabelle,17.0,6.0
2017-08,Isabelle,9.0,4.0
2017-09,Isabelle,3.0,1.0
2017-10,Isabelle,5.0,1.0
2017-11,Isabelle,13.0,6.0
2017-09,Jasmin,1.0,1.0
2017-07,Java,76047.0,17564.0
2017-08,Java,75750.0,17303.0
2017-09,Java,77918.0,18524.0
2017-10,Java,105959.0,23788.0
2017-11,Java,106142.0,23597.0
2017-07,JavaScript,173675.0,34154.0
2017-08,JavaScript,185346.0,35124.0
2017-09,JavaScript,180848.0,35549.0
2017-10,JavaScript,222862.0,42568.0
2017-11,JavaScript,208664.0,40520.0
2017-07,Jolie,6.0,1.0
2017-08,Jolie,4.0,2.0
2017-11,Jolie,3.0,2.0
2017-07,Julia,2189.0,264.0
2017-08,Julia,2531.0,286.0
2017-09,Julia,1981.0,259.0
2017-10,Julia,1925.0,275.0
2017-11,Julia,2380.0,308.0
2017-07,Jupyter Notebook,3847.0,1309.0
2017-08,Jupyter Notebook,3749.0,1288.0
2017-09,Jupyter Notebook,4310.0,1526.0
2017-10,Jupyter Notebook,5800.0,2082.0
2017-11,Jupyter Notebook,6166.0,2009.0
2017-07,KiCad,256.0,70.0
2017-08,KiCad,99.0,55.0
2017-09,KiCad,16.0,12.0
2017-10,KiCad,9.0,9.0
2017-11,KiCad,12.0,12.0
2017-07,Kotlin,2188.0,580.0
2017-08,Kotlin,2608.0,617.0
2017-09,Kotlin,2837.0,636.0
2017-10,Kotlin,3642.0,884.0
2017-11,Kotlin,3883.0,984.0
2017-07,LLVM,21.0,13.0
2017-08,LLVM,32.0,14.0
2017-09,LLVM,32.0,17.0
2017-10,LLVM,86.0,22.0
2017-11,LLVM,34.0,17.0
2017-07,LOLCODE,9.0,4.0
2017-08,LOLCODE,1.0,1.0
2017-09,LOLCODE,5.0,3.0
2017-07,LSL,1.0,1.0
2017-08,LSL,20.0,6.0
2017-09,LSL,17.0,5.0
2017-10,LSL,16.0,4.0
2017-11,LSL,23.0,8.0
2017-07,LabVIEW,35.0,13.0
2017-08,LabVIEW,34.0,15.0
2017-09,LabVIEW,92.0,16.0
2017-10,LabVIEW,30.0,9.0
2017-11,LabVIEW,15.0,6.0
2017-07,Lasso,1.0,1.0
2017-08,Lasso,1.0,1.0
2017-10,Lasso,8.0,2.0
2017-11,Lasso,22.0,1.0
2017-07,Lean,36.0,8.0
2017-08,Lean,11.0,4.0
2017-09,Lean,9.0,7.0
2017-10,Lean,13.0,7.0
2017-11,Lean,4.0,3.0
2017-07,Lex,3.0,3.0
2017-08,Lex,2.0,2.0
2017-09,Lex,7.0,5.0
2017-10,Lex,14.0,11.0
2017-11,Lex,20.0,6.0
2017-07,LilyPond,25.0,5.0
2017-08,LilyPond,7.0,2.0
2017-09,LilyPond,1.0,1.0
2017-10,LilyPond,23.0,5.0
2017-11,LilyPond,33.0,9.0
2017-07,Limbo,1.0,1.0
2017-09,Limbo,2.0,2.0
2017-10,Limbo,2.0,2.0
2017-11,Limbo,3.0,2.0
2017-07,Liquid,77.0,29.0
2017-08,Liquid,118.0,30.0
2017-09,Liquid,208.0,35.0
2017-10,Liquid,141.0,31.0
2017-11,Liquid,216.0,35.0
2017-07,LiveScript,68.0,14.0
2017-08,LiveScript,20.0,7.0
2017-09,LiveScript,54.0,16.0
2017-10,LiveScript,36.0,9.0
2017-11,LiveScript,20.0,10.0
2017-07,Logos,202.0,34.0
2017-08,Logos,173.0,31.0
2017-09,Logos,118.0,34.0
2017-10,Logos,135.0,31.0
2017-11,Logos,168.0,31.0
2017-07,Logtalk,1.0,1.0
2017-08,Logtalk,10.0,2.0
2017-09,Logtalk,6.0,2.0
2017-10,Logtalk,1.0,1.0
2017-07,LookML,34.0,12.0
2017-08,LookML,47.0,6.0
2017-09,LookML,34.0,10.0
2017-10,LookML,47.0,12.0
2017-11,LookML,38.0,11.0
2017-09,LoomScript,3.0,1.0
2017-10,LoomScript,2.0,1.0
2017-07,Lua,2847.0,731.0
2017-08,Lua,3336.0,790.0
2017-09,Lua,3045.0,729.0
2017-10,Lua,2884.0,761.0
2017-11,Lua,3044.0,737.0
2017-07,M,9.0,2.0
2017-08,M,29.0,12.0
2017-09,M,18.0,9.0
2017-10,M,15.0,9.0
2017-11,M,32.0,9.0
2017-07,M4,61.0,24.0
2017-08,M4,58.0,27.0
2017-09,M4,44.0,26.0
2017-10,M4,80.0,29.0
2017-11,M4,62.0,27.0
2017-07,MAXScript,204.0,3.0
2017-08,MAXScript,20.0,4.0
2017-09,MAXScript,95.0,8.0
2017-10,MAXScript,225.0,10.0
2017-11,MAXScript,160.0,5.0
2017-07,MQL4,2.0,2.0
2017-08,MQL4,1.0,1.0
2017-09,MQL4,2.0,2.0
2017-10,MQL4,2.0,1.0
2017-11,MQL4,1.0,1.0
2017-07,MQL5,24.0,4.0
2017-09,MQL5,6.0,3.0
2017-07,Makefile,2378.0,795.0
2017-08,Makefile,2353.0,824.0
2017-09,Makefile,2275.0,785.0
2017-10,Makefile,2874.0,916.0
2017-11,Makefile,2552.0,849.0
2017-07,Mako,17.0,5.0
2017-08,Mako,7.0,3.0
2017-09,Mako,8.0,2.0
2017-10,Mako,17.0,6.0
2017-11,Mako,7.0,4.0
2017-07,Mask,1.0,1.0
2017-08,Mask,5.0,2.0
2017-09,Mask,5.0,3.0
2017-10,Mask,12.0,3.0
2017-11,Mask,1.0,1.0
2017-07,Mathematica,145.0,37.0
2017-08,Mathematica,181.0,48.0
2017-09,Mathematica,109.0,40.0
2017-10,Mathematica,170.0,39.0
2017-11,Mathematica,423.0,73.0
2017-07,Matlab,983.0,365.0
2017-08,Matlab,914.0,358.0
2017-09,Matlab,898.0,370.0
2017-10,Matlab,1134.0,447.0
2017-11,Matlab,1284.0,490.0
2017-07,Max,13.0,10.0
2017-08,Max,8.0,6.0
2017-09,Max,15.0,8.0
2017-10,Max,2.0,1.0
2017-11,Max,8.0,6.0
2017-08,Mercury,1.0,1.0
2017-09,Mercury,2.0,2.0
2017-10,Mercury,5.0,3.0
2017-11,Mercury,16.0,4.0
2017-07,Meson,4.0,2.0
2017-09,Meson,1.0,1.0
2017-10,Meson,2.0,2.0
2017-08,Metal,1.0,1.0
2017-11,Metal,2.0,1.0
2017-07,Modelica,128.0,26.0
2017-08,Modelica,92.0,21.0
2017-09,Modelica,185.0,26.0
2017-10,Modelica,299.0,38.0
2017-11,Modelica,229.0,26.0
2017-08,Modula-2,1.0,1.0
2017-11,Monkey,4.0,2.0
2017-07,MoonScript,33.0,10.0
2017-08,MoonScript,8.0,6.0
2017-09,MoonScript,4.0,4.0
2017-10,MoonScript,22.0,11.0
2017-11,MoonScript,9.0,5.0
2017-07,NCL,3.0,2.0
2017-08,NCL,5.0,3.0
2017-09,NCL,16.0,3.0
2017-10,NCL,31.0,6.0
2017-11,NCL,17.0,2.0
2017-07,NSIS,148.0,25.0
2017-08,NSIS,114.0,28.0
2017-09,NSIS,78.0,27.0
2017-10,NSIS,61.0,22.0
2017-11,NSIS,68.0,26.0
2017-08,Nemerle,1.0,1.0
2017-07,NetLogo,15.0,5.0
2017-08,NetLogo,9.0,4.0
2017-09,NetLogo,5.0,4.0
2017-10,NetLogo,24.0,7.0
2017-11,NetLogo,32.0,13.0
2017-07,NewLisp,3.0,2.0
2017-09,NewLisp,3.0,3.0
2017-10,NewLisp,8.0,1.0
2017-11,NewLisp,4.0,2.0
2017-07,Nginx,131.0,90.0
2017-08,Nginx,161.0,90.0
2017-09,Nginx,153.0,90.0
2017-10,Nginx,99.0,74.0
2017-11,Nginx,45.0,39.0
2017-07,Nim,130.0,31.0
2017-08,Nim,133.0,34.0
2017-09,Nim,180.0,29.0
2017-10,Nim,190.0,36.0
2017-11,Nim,200.0,40.0
2017-07,Nimrod,7.0,7.0
2017-08,Nimrod,5.0,4.0
2017-09,Nimrod,1.0,1.0
2017-10,Nimrod,5.0,4.0
2017-11,Nimrod,2.0,2.0
2017-07,Nix,785.0,100.0
2017-08,Nix,1026.0,109.0
2017-09,Nix,1032.0,117.0
2017-10,Nix,932.0,123.0
2017-11,Nix,1087.0,127.0
2017-07,OCaml,1377.0,206.0
2017-08,OCaml,1213.0,188.0
2017-09,OCaml,993.0,192.0
2017-10,OCaml,1262.0,218.0
2017-11,OCaml,1374.0,247.0
2017-07,Objective-C,4889.0,1473.0
2017-08,Objective-C,5146.0,1517.0
2017-09,Objective-C,4586.0,1488.0
2017-10,Objective-C,5331.0,1646.0
2017-11,Objective-C,5200.0,1636.0
2017-07,Objective-C++,75.0,24.0
2017-08,Objective-C++,61.0,27.0
2017-09,Objective-C++,42.0,27.0
2017-10,Objective-C++,63.0,22.0
2017-11,Objective-C++,71.0,25.0
2017-07,Objective-J,8.0,4.0
2017-08,Objective-J,11.0,5.0
2017-09,Objective-J,38.0,9.0
2017-10,Objective-J,30.0,8.0
2017-11,Objective-J,14.0,8.0
2017-07,OpenEdge ABL,42.0,20.0
2017-08,OpenEdge ABL,18.0,10.0
2017-09,OpenEdge ABL,41.0,14.0
2017-10,OpenEdge ABL,43.0,21.0
2017-11,OpenEdge ABL,48.0,18.0
2017-07,OpenSCAD,25.0,11.0
2017-08,OpenSCAD,22.0,9.0
2017-09,OpenSCAD,22.0,14.0
2017-10,OpenSCAD,39.0,21.0
2017-11,OpenSCAD,30.0,20.0
2017-07,Ox,1.0,1.0
2017-07,Oz,1.0,1.0
2017-11,Oz,1.0,1.0
2017-07,P4,28.0,6.0
2017-08,P4,45.0,9.0
2017-09,P4,49.0,10.0
2017-10,P4,39.0,11.0
2017-11,P4,98.0,13.0
2017-07,PAWN,13.0,5.0
2017-08,PAWN,18.0,6.0
2017-09,PAWN,9.0,5.0
2017-10,PAWN,5.0,5.0
2017-11,PAWN,3.0,2.0
2017-07,PHP,45022.0,9842.0
2017-08,PHP,45936.0,10111.0
2017-09,PHP,47564.0,10257.0
2017-10,PHP,56123.0,11920.0
2017-11,PHP,53432.0,11340.0
2017-07,PLSQL,302.0,61.0
2017-08,PLSQL,205.0,51.0
2017-09,PLSQL,245.0,64.0
2017-10,PLSQL,305.0,80.0
2017-11,PLSQL,316.0,106.0
2017-07,PLpgSQL,545.0,130.0
2017-08,PLpgSQL,766.0,172.0
2017-09,PLpgSQL,759.0,137.0
2017-10,PLpgSQL,733.0,186.0
2017-11,PLpgSQL,647.0,183.0
2017-07,POV-Ray SDL,6.0,3.0
2017-08,POV-Ray SDL,11.0,8.0
2017-09,POV-Ray SDL,16.0,8.0
2017-10,POV-Ray SDL,26.0,10.0
2017-11,POV-Ray SDL,1.0,1.0
2017-07,Pan,8.0,2.0
2017-08,Pan,3.0,2.0
2017-09,Pan,5.0,3.0
2017-10,Pan,3.0,2.0
2017-11,Pan,5.0,4.0
2017-07,Papyrus,3.0,3.0
2017-08,Papyrus,1.0,1.0
2017-09,Papyrus,2.0,2.0
2017-10,Papyrus,5.0,3.0
2017-11,Papyrus,3.0,1.0
2017-07,Parrot,20.0,1.0
2017-08,Parrot,2.0,1.0
2017-10,Parrot,2.0,1.0
2017-11,Parrot,4.0,1.0
2017-07,Pascal,210.0,85.0
2017-08,Pascal,227.0,100.0
2017-09,Pascal,174.0,78.0
2017-10,Pascal,282.0,103.0
2017-11,Pascal,274.0,103.0
2017-09,Pep8,2.0,1.0
2017-07,Perl,2444.0,755.0
2017-08,Perl,2471.0,725.0
2017-09,Perl,2347.0,720.0
2017-10,Perl,2934.0,795.0
2017-11,Perl,2631.0,761.0
2017-07,Perl 6,41.0,16.0
2017-08,Perl 6,171.0,50.0
2017-09,Perl 6,219.0,50.0
2017-10,Perl 6,214.0,59.0
2017-11,Perl 6,154.0,49.0
2017-07,Perl6,140.0,55.0
2017-08,Perl6,36.0,29.0
2017-09,Perl6,23.0,20.0
2017-10,Perl6,24.0,20.0
2017-11,Perl6,12.0,12.0
2017-07,PicoLisp,2.0,1.0
2017-08,PicoLisp,1.0,1.0
2017-10,PicoLisp,1.0,1.0
2017-11,PicoLisp,2.0,2.0
2017-10,PigLatin,3.0,2.0
2017-07,Pony,19.0,9.0
2017-08,Pony,19.0,7.0
2017-09,Pony,102.0,11.0
2017-10,Pony,38.0,11.0
2017-11,Pony,38.0,7.0
2017-07,PostScript,191.0,54.0
2017-08,PostScript,223.0,45.0
2017-09,PostScript,173.0,38.0
2017-10,PostScript,205.0,58.0
2017-11,PostScript,218.0,58.0
2017-07,PowerBuilder,71.0,2.0
2017-08,PowerBuilder,65.0,2.0
2017-09,PowerBuilder,6.0,1.0
2017-07,PowerShell,8344.0,612.0
2017-08,PowerShell,7568.0,700.0
2017-09,PowerShell,6237.0,721.0
2017-10,PowerShell,6621.0,818.0
2017-11,PowerShell,8641.0,812.0
2017-07,Processing,189.0,66.0
2017-08,Processing,156.0,33.0
2017-09,Processing,149.0,58.0
2017-10,Processing,243.0,74.0
2017-11,Processing,236.0,86.0
2017-07,Prolog,28.0,16.0
2017-08,Prolog,35.0,18.0
2017-09,Prolog,52.0,22.0
2017-10,Prolog,131.0,66.0
2017-11,Prolog,119.0,52.0
2017-09,Propeller Spin,10.0,1.0
2017-10,Propeller Spin,3.0,1.0
2017-07,Protocol Buffer,162.0,65.0
2017-08,Protocol Buffer,379.0,101.0
2017-09,Protocol Buffer,215.0,93.0
2017-10,Protocol Buffer,156.0,73.0
2017-11,Protocol Buffer,23.0,19.0
2017-07,Puppet,638.0,224.0
2017-08,Puppet,752.0,223.0
2017-09,Puppet,818.0,230.0
2017-10,Puppet,909.0,249.0
2017-11,Puppet,720.0,222.0
2017-07,Pure Data,14.0,7.0
2017-08,Pure Data,3.0,3.0
2017-09,Pure Data,21.0,6.0
2017-10,Pure Data,3.0,3.0
2017-11,Pure Data,1.0,1.0
2017-07,PureBasic,13.0,5.0
2017-08,PureBasic,11.0,2.0
2017-09,PureBasic,9.0,4.0
2017-10,PureBasic,4.0,4.0
2017-11,PureBasic,16.0,11.0
2017-07,PureScript,267.0,51.0
2017-08,PureScript,248.0,68.0
2017-09,PureScript,183.0,47.0
2017-10,PureScript,194.0,55.0
2017-11,PureScript,150.0,50.0
2017-07,Python,86787.0,19656.0
2017-08,Python,90968.0,20171.0
2017-09,Python,91937.0,20628.0
2017-10,Python,112610.0,25014.0
2017-11,Python,104963.0,23975.0
2017-07,QML,201.0,70.0
2017-08,QML,218.0,83.0
2017-09,QML,219.0,79.0
2017-10,QML,246.0,79.0
2017-11,QML,238.0,80.0
2017-07,QMake,13.0,9.0
2017-08,QMake,13.0,11.0
2017-09,QMake,7.0,5.0
2017-10,QMake,24.0,16.0
2017-11,QMake,20.0,13.0
2017-07,R,3124.0,1074.0
2017-08,R,3096.0,966.0
2017-09,R,3048.0,960.0
2017-10,R,3350.0,1145.0
2017-11,R,3154.0,1145.0
2017-07,RAML,46.0,23.0
2017-08,RAML,86.0,24.0
2017-09,RAML,56.0,32.0
2017-10,RAML,55.0,28.0
2017-11,RAML,94.0,38.0
2017-07,REALbasic,2.0,1.0
2017-11,REALbasic,2.0,2.0
2017-11,REXX,11.0,2.0
2017-07,Racket,173.0,40.0
2017-08,Racket,122.0,40.0
2017-09,Racket,173.0,44.0
2017-10,Racket,150.0,47.0
2017-11,Racket,141.0,59.0
2017-07,Ragel,2.0,2.0
2017-08,Ragel,14.0,4.0
2017-09,Ragel,12.0,3.0
2017-10,Ragel,11.0,4.0
2017-11,Ragel,1.0,1.0
2017-09,Ragel in Ruby Host,1.0,1.0
2017-07,Rascal,19.0,9.0
2017-08,Rascal,17.0,8.0
2017-09,Rascal,7.0,5.0
2017-10,Rascal,16.0,7.0
2017-11,Rascal,18.0,6.0
2017-07,Rebol,7.0,6.0
2017-08,Rebol,1.0,1.0
2017-09,Rebol,18.0,7.0
2017-10,Rebol,7.0,6.0
2017-11,Rebol,3.0,2.0
2017-07,Red,7.0,5.0
2017-08,Red,17.0,7.0
2017-09,Red,33.0,8.0
2017-10,Red,5.0,4.0
2017-11,Red,2.0,2.0
2017-07,Ren'Py,10.0,5.0
2017-08,Ren'Py,11.0,4.0
2017-09,Ren'Py,20.0,8.0
2017-10,Ren'Py,68.0,16.0
2017-11,Ren'Py,143.0,22.0
2017-08,RenderScript,2.0,2.0
2017-09,RenderScript,1.0,1.0
2017-11,RenderScript,32.0,4.0
2017-07,Ring,10.0,1.0
2017-08,Ring,32.0,1.0
2017-09,Ring,30.0,2.0
2017-10,Ring,8.0,2.0
2017-11,Ring,5.0,1.0
2017-07,RobotFramework,32.0,9.0
2017-08,RobotFramework,41.0,9.0
2017-09,RobotFramework,84.0,20.0
2017-10,RobotFramework,108.0,18.0
2017-11,RobotFramework,39.0,15.0
2017-07,Roff,400.0,112.0
2017-08,Roff,489.0,107.0
2017-09,Roff,275.0,87.0
2017-10,Roff,246.0,104.0
2017-11,Roff,275.0,115.0
2017-07,Ruby,56390.0,9561.0
2017-08,Ruby,63462.0,9856.0
2017-09,Ruby,51770.0,9104.0
2017-10,Ruby,59297.0,10359.0
2017-11,Ruby,64337.0,10097.0
2017-07,Rust,5193.0,913.0
2017-08,Rust,5184.0,930.0
2017-09,Rust,5277.0,923.0
2017-10,Rust,6157.0,1091.0
2017-11,Rust,5528.0,1021.0
2017-07,SAS,46.0,18.0
2017-08,SAS,46.0,9.0
2017-09,SAS,17.0,11.0
2017-10,SAS,31.0,12.0
2017-11,SAS,37.0,13.0
2017-07,SMT,31.0,8.0
2017-08,SMT,25.0,8.0
2017-09,SMT,68.0,7.0
2017-10,SMT,80.0,10.0
2017-11,SMT,89.0,10.0
2017-07,SQF,199.0,62.0
2017-08,SQF,206.0,59.0
2017-09,SQF,215.0,64.0
2017-10,SQF,288.0,88.0
2017-11,SQF,273.0,69.0
2017-07,SQLPL,69.0,32.0
2017-08,SQLPL,92.0,41.0
2017-09,SQLPL,132.0,40.0
2017-10,SQLPL,153.0,49.0
2017-11,SQLPL,119.0,54.0
2017-07,SRecode Template,5.0,1.0
2017-08,SRecode Template,30.0,7.0
2017-09,SRecode Template,11.0,4.0
2017-10,SRecode Template,5.0,2.0
2017-11,SRecode Template,1.0,1.0
2017-07,SaltStack,463.0,67.0
2017-08,SaltStack,423.0,94.0
2017-09,SaltStack,239.0,62.0
2017-10,SaltStack,350.0,76.0
2017-11,SaltStack,249.0,70.0
2017-07,Scala,8369.0,1610.0
2017-08,Scala,8702.0,1637.0
2017-09,Scala,8331.0,1634.0
2017-10,Scala,9196.0,1728.0
2017-11,Scala,9011.0,1715.0
2017-07,Scheme,127.0,53.0
2017-08,Scheme,138.0,56.0
2017-09,Scheme,114.0,44.0
2017-10,Scheme,131.0,62.0
2017-11,Scheme,106.0,44.0
2017-07,Scilab,20.0,3.0
2017-08,Scilab,27.0,3.0
2017-09,Scilab,28.0,6.0
2017-10,Scilab,49.0,12.0
2017-11,Scilab,95.0,18.0
2017-09,Self,1.0,1.0
2017-10,Self,1.0,1.0
2017-07,ShaderLab,33.0,13.0
2017-08,ShaderLab,19.0,13.0
2017-09,ShaderLab,23.0,12.0
2017-10,ShaderLab,29.0,15.0
2017-11,ShaderLab,96.0,28.0
2017-07,Shell,17987.0,5535.0
2017-08,Shell,18208.0,5726.0
2017-09,Shell,18144.0,5798.0
2017-10,Shell,20092.0,6632.0
2017-11,Shell,20561.0,6220.0
2017-10,Shen,64.0,2.0
2017-11,Shen,1.0,1.0
2017-07,Slash,1.0,1.0
2017-08,Slash,7.0,5.0
2017-09,Slash,7.0,3.0
2017-10,Slash,6.0,5.0
2017-11,Slash,2.0,2.0
2017-07,Smali,11.0,6.0
2017-08,Smali,16.0,10.0
2017-09,Smali,10.0,6.0
2017-10,Smali,2.0,2.0
2017-11,Smali,15.0,7.0
2017-07,Smalltalk,236.0,60.0
2017-08,Smalltalk,164.0,42.0
2017-09,Smalltalk,180.0,44.0
2017-10,Smalltalk,170.0,44.0
2017-11,Smalltalk,331.0,55.0
2017-07,Smarty,614.0,147.0
2017-08,Smarty,692.0,159.0
2017-09,Smarty,879.0,148.0
2017-10,Smarty,772.0,163.0
2017-11,Smarty,771.0,176.0
2017-07,SourcePawn,101.0,43.0
2017-08,SourcePawn,106.0,44.0
2017-09,SourcePawn,84.0,39.0
2017-10,SourcePawn,116.0,49.0
2017-11,SourcePawn,140.0,41.0
2017-07,Squirrel,10.0,2.0
2017-08,Squirrel,39.0,7.0
2017-09,Squirrel,14.0,7.0
2017-10,Squirrel,10.0,6.0
2017-11,Squirrel,19.0,4.0
2017-07,Stan,6.0,3.0
2017-08,Stan,10.0,5.0
2017-09,Stan,15.0,6.0
2017-10,Stan,14.0,7.0
2017-11,Stan,5.0,5.0
2017-07,Standard ML,120.0,29.0
2017-08,Standard ML,111.0,29.0
2017-09,Standard ML,156.0,34.0
2017-10,Standard ML,146.0,34.0
2017-11,Standard ML,138.0,39.0
2017-07,Stata,27.0,14.0
2017-08,Stata,28.0,10.0
2017-09,Stata,29.0,13.0
2017-10,Stata,34.0,19.0
2017-11,Stata,29.0,15.0
2017-07,SuperCollider,22.0,8.0
2017-08,SuperCollider,15.0,5.0
2017-09,SuperCollider,18.0,8.0
2017-10,SuperCollider,15.0,8.0
2017-11,SuperCollider,30.0,8.0
2017-07,Swift,7840.0,2035.0
2017-08,Swift,8139.0,1972.0
2017-09,Swift,7437.0,2233.0
2017-10,Swift,10383.0,2638.0
2017-11,Swift,9620.0,2439.0
2017-07,SystemVerilog,9.0,4.0
2017-08,SystemVerilog,17.0,10.0
2017-09,SystemVerilog,27.0,12.0
2017-10,SystemVerilog,47.0,18.0
2017-11,SystemVerilog,24.0,14.0
2017-10,TI Program,3.0,1.0
2017-07,TLA,1.0,1.0
2017-11,TLA,7.0,3.0
2017-11,TXL,6.0,1.0
2017-07,Tcl,200.0,50.0
2017-08,Tcl,170.0,48.0
2017-09,Tcl,199.0,49.0
2017-10,Tcl,288.0,65.0
2017-11,Tcl,233.0,70.0
2017-07,TeX,1583.0,581.0
2017-08,TeX,1576.0,571.0
2017-09,TeX,1748.0,648.0
2017-10,TeX,2538.0,848.0
2017-11,TeX,3033.0,836.0
2017-07,Terra,6.0,4.0
2017-08,Terra,6.0,3.0
2017-09,Terra,8.0,3.0
2017-10,Terra,8.0,6.0
2017-11,Terra,15.0,3.0
2017-07,Thrift,26.0,13.0
2017-08,Thrift,12.0,6.0
2017-09,Thrift,26.0,10.0
2017-10,Thrift,22.0,8.0
2017-11,Thrift,20.0,10.0
2017-09,Turing,2.0,1.0
2017-10,Turing,2.0,2.0
2017-07,TypeScript,22563.0,4145.0
2017-08,TypeScript,24809.0,4337.0
2017-09,TypeScript,25271.0,4529.0
2017-10,TypeScript,30753.0,5552.0
2017-11,TypeScript,32924.0,5891.0
2017-07,Uno,2.0,2.0
2017-08,Uno,1.0,1.0
2017-09,Uno,5.0,3.0
2017-10,Uno,2.0,2.0
2017-07,UnrealScript,8.0,3.0
2017-08,UnrealScript,13.0,6.0
2017-09,UnrealScript,29.0,8.0
2017-10,UnrealScript,34.0,10.0
2017-11,UnrealScript,35.0,13.0
2017-07,UrWeb,1.0,1.0
2017-10,VCL,17.0,4.0
2017-11,VCL,29.0,13.0
2017-07,VHDL,84.0,37.0
2017-08,VHDL,58.0,23.0
2017-09,VHDL,75.0,22.0
2017-10,VHDL,127.0,60.0
2017-11,VHDL,192.0,67.0
2017-07,Vala,331.0,51.0
2017-08,Vala,312.0,50.0
2017-09,Vala,269.0,59.0
2017-10,Vala,327.0,71.0
2017-11,Vala,318.0,57.0
2017-07,Verilog,117.0,39.0
2017-08,Verilog,45.0,27.0
2017-09,Verilog,79.0,39.0
2017-10,Verilog,199.0,75.0
2017-11,Verilog,269.0,87.0
2017-07,Vim script,980.0,353.0
2017-08,Vim script,997.0,361.0
2017-09,Vim script,914.0,343.0
2017-10,Vim script,1368.0,509.0
2017-11,Vim script,1053.0,368.0
2017-07,VimL,76.0,68.0
2017-08,VimL,72.0,64.0
2017-09,VimL,57.0,51.0
2017-10,VimL,81.0,77.0
2017-11,VimL,42.0,37.0
2017-07,Visual Basic,691.0,132.0
2017-08,Visual Basic,674.0,136.0
2017-09,Visual Basic,606.0,148.0
2017-10,Visual Basic,714.0,168.0
2017-11,Visual Basic,811.0,174.0
2017-08,Volt,1.0,1.0
2017-09,Volt,2.0,1.0
2017-10,Volt,1.0,1.0
2017-11,Volt,2.0,2.0
2017-07,Vue,2364.0,478.0
2017-08,Vue,2555.0,520.0
2017-09,Vue,2319.0,512.0
2017-10,Vue,2800.0,638.0
2017-11,Vue,3140.0,698.0
2017-07,Web Ontology Language,289.0,54.0
2017-08,Web Ontology Language,236.0,59.0
2017-09,Web Ontology Language,208.0,67.0
2017-10,Web Ontology Language,125.0,48.0
2017-11,Web Ontology Language,33.0,21.0
2017-07,WebAssembly,24.0,9.0
2017-08,WebAssembly,105.0,19.0
2017-09,WebAssembly,153.0,20.0
2017-10,WebAssembly,91.0,14.0
2017-11,WebAssembly,171.0,24.0
2017-08,WebIDL,1.0,1.0
2017-09,WebIDL,1.0,1.0
2017-10,WebIDL,1.0,1.0
2017-09,X10,1.0,1.0
2017-11,X10,1.0,1.0
2017-07,XC,66.0,12.0
2017-08,XC,19.0,8.0
2017-09,XC,56.0,13.0
2017-10,XC,58.0,13.0
2017-11,XC,50.0,8.0
2017-11,XML,2.0,2.0
2017-09,XProc,2.0,1.0
2017-10,XProc,6.0,1.0
2017-11,XProc,1.0,1.0
2017-07,XQuery,91.0,20.0
2017-08,XQuery,71.0,18.0
2017-09,XQuery,43.0,15.0
2017-10,XQuery,45.0,18.0
2017-11,XQuery,71.0,21.0
2017-07,XS,2.0,2.0
2017-11,XS,3.0,2.0
2017-07,XSLT,691.0,204.0
2017-08,XSLT,924.0,219.0
2017-09,XSLT,947.0,245.0
2017-10,XSLT,1134.0,272.0
2017-11,XSLT,892.0,228.0
2017-07,Xojo,2.0,1.0
2017-08,Xojo,1.0,1.0
2017-09,Xojo,4.0,2.0
2017-10,Xojo,4.0,3.0
2017-07,Xtend,92.0,24.0
2017-08,Xtend,40.0,15.0
2017-09,Xtend,59.0,17.0
2017-10,Xtend,43.0,19.0
2017-11,Xtend,54.0,13.0
2017-07,Yacc,46.0,17.0
2017-08,Yacc,50.0,17.0
2017-09,Yacc,59.0,25.0
2017-10,Yacc,119.0,37.0
2017-11,Yacc,154.0,43.0
2017-09,Zephir,3.0,1.0
2017-10,Zephir,1.0,1.0
2017-07,eC,1.0,1.0
2017-08,eC,1.0,1.0
2017-07,nesC,13.0,3.0
2017-08,nesC,2.0,2.0
2017-09,nesC,31.0,4.0
2017-10,nesC,52.0,3.0
2017-11,nesC,52.0,9.0
2017-07,ooc,2.0,1.0
2017-08,ooc,6.0,2.0
2017-09,ooc,7.0,3.0
2017-10,ooc,6.0,2.0
2017-11,ooc,1.0,1.0
2017-10,wdl,3.0,3.0
2017-11,wdl,7.0,5.0
2017-07,xBase,13.0,5.0
2017-08,xBase,1.0,1.0
2017-09,xBase,1.0,1.0
2017-10,xBase,11.0,4.0
2017-11,xBase,6.0,4.0
